,Transient,Development,Stable
280,6.875,3.625,3.75
285,2.1,0.6,1
290,4.1,1.8,4.3
295,3.1,0.7,2.85
300,0,0,0
305,5.75,1.125,6
310,3.625,1.75,3.75
315,0,0,0
320,0,0,0
325,5.5,1,7.5
330,6.5,0,6
335,0,0,0
340,4.5,1,2.5
345,0,0,0
350,2.5,1,1
355,0,0,0
360,0,0,0
365,0,0,0
370,0,0,0
375,5.5,3,2
380,4.25,2,4.5
385,0,0,0
390,0,0,0
395,0,0,0
400,4,2.75,3.25
405,2.5,0,0
410,2.5,1.5,3
415,6,1,3
420,0,0,0
425,6.166666667,0.833333333,5.833333333
430,0,0,0
435,4,1.25,1.25
